{
  "aggregate": {
    "status": "ok",
    "n_tickers_total": 86,
    "n_tickers_eligible": 14,
    "n_tickers_evaluated": 14,
    "total_eval_steps": 38277,
    "ic_mean": 0.21039748589545448,
    "ic_median": 0.23210863155121958,
    "ic_std": 0.07559971743664982,
    "ic_positive_pct": 0.9285714285714286,
    "qlike_mean": 30320431.159472857,
    "qlike_median": 25410162.53781049,
    "ls_spread_mean": 0.1956457668995483,
    "ls_spread_median": 0.1888287255367583,
    "mean_rev_capture_mean": 0.40871090432156093,
    "sharpe_mean": 27.181362124790205,
    "sharpe_median": 22.89113705903565,
    "sharpe_positive_pct": 0.9285714285714286
  },
  "per_ticker": [
    {
      "ticker": "KXTOPMONTHLY-26FEB-BRU",
      "n_obs": 5282,
      "n_eval_steps": 5081,
      "ic": 0.13082448775996391,
      "qlike": 6119489.879285385,
      "long_short_spread": 0.041226189058047126,
      "long_return_avg": 0.015235350603677991,
      "short_return_avg": -0.025990838454369135,
      "mean_rev_capture_rate": 0.5369928400954654,
      "mean_rev_events": 419,
      "sharpe": 40.64073947480104,
      "sigma_b_mean": 12.009453040996275,
      "sigma_b_std": 21.82599908283232,
      "jump_intensity_mean": 262.25732485717134,
      "mean_reversion_mean": 0.5508039271156303
    },
    {
      "ticker": "KXTOPMONTHLY-26FEB-WEE",
      "n_obs": 1418,
      "n_eval_steps": 1217,
      "ic": 0.24034052472351092,
      "qlike": 33792102.60813787,
      "long_short_spread": 0.189709551975459,
      "long_return_avg": 0.06262346968940843,
      "short_return_avg": -0.12708608228605056,
      "mean_rev_capture_rate": 0.32515337423312884,
      "mean_rev_events": 163,
      "sharpe": 39.655261212781,
      "sigma_b_mean": 0.05624658921299539,
      "sigma_b_std": 0.04546531782906238,
      "jump_intensity_mean": 136.73245316931164,
      "mean_reversion_mean": 0.7667052892939762
    },
    {
      "ticker": "KXTOPMONTHLY-26FEB-TAY",
      "n_obs": 1898,
      "n_eval_steps": 1697,
      "ic": 0.2405539863734078,
      "qlike": 117831437.27894944,
      "long_short_spread": 0.25767768600156954,
      "long_return_avg": 0.0888928166518927,
      "short_return_avg": -0.16878486934967682,
      "mean_rev_capture_rate": 0.34269662921348315,
      "mean_rev_events": 178,
      "sharpe": 22.79471393155765,
      "sigma_b_mean": 3.967078198440352,
      "sigma_b_std": 21.72050218328642,
      "jump_intensity_mean": 237.80868511519958,
      "mean_reversion_mean": 0.699843843834349
    },
    {
      "ticker": "KXTOPMONTHLY-26FEB-BAD",
      "n_obs": 17663,
      "n_eval_steps": 17462,
      "ic": 0.20681390999439786,
      "qlike": 24976782.213698026,
      "long_short_spread": 0.07401834060983159,
      "long_return_avg": 0.03244378230345101,
      "short_return_avg": -0.04157455830638058,
      "mean_rev_capture_rate": 0.5219062259800153,
      "mean_rev_events": 1301,
      "sharpe": 62.08178392711555,
      "sigma_b_mean": 105.43083719542628,
      "sigma_b_std": 187.94661279396306,
      "jump_intensity_mean": 279.72817357893194,
      "mean_reversion_mean": 0.47127862695088907
    },
    {
      "ticker": "KXTOPMONTHLY-26FEB-DRA",
      "n_obs": 270,
      "n_eval_steps": 69,
      "ic": 0.0,
      "qlike": 2.878527830647715,
      "long_short_spread": 0.0,
      "long_return_avg": 0.0,
      "short_return_avg": 0.0,
      "mean_rev_capture_rate": 0.0,
      "mean_rev_events": 0,
      "sharpe": 0.0,
      "sigma_b_mean": 0.05512007444349337,
      "sigma_b_std": 0.04857727193220767,
      "jump_intensity_mean": 241.78292835183723,
      "mean_reversion_mean": 0.6949202201026073
    },
    {
      "ticker": "KXTOPMONTHLY-26JAN-BRU",
      "n_obs": 2170,
      "n_eval_steps": 1969,
      "ic": 0.18650553725392283,
      "qlike": 18662117.52012052,
      "long_short_spread": 0.14835088626999504,
      "long_return_avg": 0.07177309003425565,
      "short_return_avg": -0.0765777962357394,
      "mean_rev_capture_rate": 0.3671497584541063,
      "mean_rev_events": 207,
      "sharpe": 22.98756018651365,
      "sigma_b_mean": 8.793388768674859,
      "sigma_b_std": 19.064845465826316,
      "jump_intensity_mean": 163.74344554540036,
      "mean_reversion_mean": 0.554007968951843
    },
    {
      "ticker": "KXTOPMONTHLY-26JAN-WEE",
      "n_obs": 3517,
      "n_eval_steps": 3316,
      "ic": 0.1784110465524465,
      "qlike": 61863836.016357884,
      "long_short_spread": 0.10806556811067417,
      "long_return_avg": 0.047617045929351044,
      "short_return_avg": -0.06044852218132313,
      "mean_rev_capture_rate": 0.44054054054054054,
      "mean_rev_events": 370,
      "sharpe": 19.916523973459434,
      "sigma_b_mean": 290.82341068336484,
      "sigma_b_std": 449.24233755301947,
      "jump_intensity_mean": 296.3545122398761,
      "mean_reversion_mean": 0.44191936150960726
    },
    {
      "ticker": "KXTOPMONTHLY-26JAN-TAY",
      "n_obs": 2052,
      "n_eval_steps": 1851,
      "ic": 0.26912957672946,
      "qlike": 31253127.432791825,
      "long_short_spread": 0.23749455219439272,
      "long_return_avg": 0.16035921332310335,
      "short_return_avg": -0.07713533887128937,
      "mean_rev_capture_rate": 0.36796536796536794,
      "mean_rev_events": 231,
      "sharpe": 36.3110378362231,
      "sigma_b_mean": 0.3891238665926863,
      "sigma_b_std": 6.477328289466556,
      "jump_intensity_mean": 135.68992717033527,
      "mean_reversion_mean": 0.7022520722167029
    },
    {
      "ticker": "KXTOPMONTHLY-26JAN-BAD",
      "n_obs": 1791,
      "n_eval_steps": 1590,
      "ic": 0.2579361844017038,
      "qlike": 60227396.62796251,
      "long_short_spread": 0.22146898946475171,
      "long_return_avg": 0.1729197796482457,
      "short_return_avg": -0.04854920981650601,
      "mean_rev_capture_rate": 0.32972972972972975,
      "mean_rev_events": 185,
      "sharpe": 36.56902157046405,
      "sigma_b_mean": 5.43457629208441,
      "sigma_b_std": 30.772673765746614,
      "jump_intensity_mean": 148.228006094837,
      "mean_reversion_mean": 0.6622487378536787
    },
    {
      "ticker": "KXTOPMONTHLY-26JAN-ARI",
      "n_obs": 1212,
      "n_eval_steps": 1011,
      "ic": 0.1624031376061739,
      "qlike": 34884908.76212879,
      "long_short_spread": 0.09211863374978668,
      "long_return_avg": 0.052431691194515406,
      "short_return_avg": -0.03968694255527127,
      "mean_rev_capture_rate": 0.30357142857142855,
      "mean_rev_events": 112,
      "sharpe": 16.991869296389325,
      "sigma_b_mean": 65.82558392264232,
      "sigma_b_std": 263.14453629258804,
      "jump_intensity_mean": 182.72992276101132,
      "mean_reversion_mean": 0.7537437758340061
    },
    {
      "ticker": "KXTOPMONTHLY-25DEC-WEE",
      "n_obs": 2474,
      "n_eval_steps": 2273,
      "ic": 0.31762314261254027,
      "qlike": 3998214.084890985,
      "long_short_spread": 0.26552369679273796,
      "long_return_avg": 0.13470535704124204,
      "short_return_avg": -0.13081833975149593,
      "mean_rev_capture_rate": 0.545816733067729,
      "mean_rev_events": 251,
      "sharpe": 29.344675783324767,
      "sigma_b_mean": 699.5062223281452,
      "sigma_b_std": 437.97640659403316,
      "jump_intensity_mean": 447.1568031118479,
      "mean_reversion_mean": 0.12972342535594217
    },
    {
      "ticker": "KXTOPMONTHLY-25DEC-TAY",
      "n_obs": 459,
      "n_eval_steps": 258,
      "ic": 0.22387673837892827,
      "qlike": 5033056.666921026,
      "long_short_spread": 0.18794789909805762,
      "long_return_avg": 0.1046665604850835,
      "short_return_avg": -0.08328133861297411,
      "mean_rev_capture_rate": 0.35714285714285715,
      "mean_rev_events": 28,
      "sharpe": 14.164127064718652,
      "sigma_b_mean": 115.21015607847484,
      "sigma_b_std": 191.13635516794434,
      "jump_intensity_mean": 419.7673833381415,
      "mean_reversion_mean": 0.2409533463436161
    },
    {
      "ticker": "KXTOPMONTHLY-25DEC-ARI",
      "n_obs": 599,
      "n_eval_steps": 398,
      "ic": 0.2761105656102915,